{
  "template": [
    "Banner0_1",
    "Content9_0",
    "Feature1_0",
    "Teams4_0",
    "Content13_0",
    "Feature8_0",
    "Footer0_0"
  ],
  "config": {
    "Banner0_1": {
      "dataSource": {
        "wrapper": { "className": "banner0 kptelipr1j-editor_css" },
        "title": {
          "children": "<span><span><p>ArenaBase</p></span></span>",
          "className": "banner0-title kptelhmuhkt-editor_css"
        },
        "content": {
          "children":
            "<span><span><span><span><p>Heros Take Arms</p></span></span></span></span>",
          "className": "banner0-content kptffxwq9od-editor_css"
        },
        "button": {
          "children": "<span><p>To The Lab</p></span>",
          "className": "banner0-button kptfhjb7x0r-editor_css"
        }
      }
    },
    "Content9_0": {
      "dataSource": {
        "titleWrapper": {
          "children": [
            {
              "name": "image",
              "children":
                "https://gw.alipayobjects.com/zos/rmsportal/PiqyziYmvbgAudYfhuBr.svg",
              "className": "title-image"
            },
            {
              "name": "title",
              "children": "<span><p>Make fantasy a reality</p></span>",
              "className": "title-h1 kpthfvw7j4i-editor_css"
            }
          ]
        },
        "block": {
          "children": [
            {
              "name": "block0",
              "className": "block-wrapper",
              "playScale": 0.3,
              "children": {
                "imgWrapper": { "className": "image-wrapper" },
                "textWrapper": { "className": "text-wrapper" },
                "img": {
                  "className": "block-img",
                  "children":
                    "https://simg.nicepng.com/png/small/155-1559291_kid-flash-omg-flash-x-robin-chibi.png"
                },
                "icon": {
                  "className": "block-icon",
                  "children":
                    "https://gw.alipayobjects.com/zos/rmsportal/qJnGrvjXPxdKETlVSrbe.svg"
                },
                "name": { "className": "block-name", "children": "姓名" },
                "post": { "className": "block-post", "children": "公司 职位" },
                "time": {
                  "className": "block-time",
                  "children": "<span><span><p><br></p></span></span>"
                },
                "title": {
                  "className": "block-title kpu0ijfxjyk-editor_css",
                  "children":
                    "<span><span><p>Gain upvotes for your content to show the world your work</p></span></span>"
                },
                "content": { "className": "block-content", "children": "" }
              }
            },
            {
              "name": "block1",
              "className": "block-wrapper",
              "playScale": 0.3,
              "children": {
                "imgWrapper": { "className": "image-wrapper" },
                "textWrapper": { "className": "text-wrapper" },
                "img": {
                  "className": "block-img",
                  "children":
                    "https://storage.googleapis.com/myphero_bucket/landing-page-goku-chibi-head.png"
                },
                "icon": {
                  "className": "block-icon",
                  "children":
                    "https://gw.alipayobjects.com/zos/rmsportal/QviGtUPvTFxdhsTUAacr.svg"
                },
                "name": { "className": "block-name", "children": "姓名" },
                "post": { "className": "block-post", "children": "公司 职位" },
                "time": {
                  "className": "block-time",
                  "children": "<span><span><p><br></p></span></span>"
                },
                "title": {
                  "className": "block-title kpu0ioqph-editor_css",
                  "children": "<span><span><p>Lore</p></span></span>"
                },
                "content": {
                  "className": "block-content kpu0ir7e6m9-editor_css",
                  "children":
                    "<span><span><p>Delve into the world of fan fiction to drive the story</p></span></span>"
                }
              }
            },
            {
              "name": "block2",
              "className": "block-wrapper",
              "playScale": 0.3,
              "children": {
                "imgWrapper": { "className": "image-wrapper" },
                "textWrapper": { "className": "text-wrapper" },
                "img": {
                  "className": "block-img",
                  "children":
                    "https://gw.alipayobjects.com/zos/rmsportal/SlFgHDtOTLzccvFrQHLg.png"
                },
                "icon": {
                  "className": "block-icon",
                  "children":
                    "https://gw.alipayobjects.com/zos/rmsportal/QviGtUPvTFxdhsTUAacr.svg"
                },
                "name": { "className": "block-name", "children": "姓名" },
                "post": { "className": "block-post", "children": "公司 职位" },
                "time": {
                  "className": "block-time",
                  "children": "<span><span><p><br></p></span></span>"
                },
                "title": {
                  "className": "block-title kpu0nvhm49-editor_css",
                  "children":
                    "<span><span><span><p>Create</p></span></span></span>"
                },
                "content": {
                  "className": "block-content kpu0mjbzi9i-editor_css",
                  "children":
                    "<span><span><span><span><p>Create fan pages of heroes you admire</p></span></span></span></span>"
                }
              }
            },
            {
              "name": "block3",
              "className": "block-wrapper",
              "playScale": 0.3,
              "children": {
                "imgWrapper": { "className": "image-wrapper" },
                "textWrapper": { "className": "text-wrapper" },
                "img": {
                  "className": "block-img",
                  "children":
                    "https://gw.alipayobjects.com/zos/rmsportal/SlFgHDtOTLzccvFrQHLg.png"
                },
                "icon": {
                  "className": "block-icon",
                  "children":
                    "https://gw.alipayobjects.com/zos/rmsportal/agOOBdKEIJlQhfeYhHJc.svg"
                },
                "name": { "className": "block-name", "children": "姓名" },
                "post": { "className": "block-post", "children": "公司 职位" },
                "time": {
                  "className": "block-time",
                  "children": "<span><span><p><br></p></span></span>"
                },
                "title": {
                  "className": "block-title kpu0kw2a3es-editor_css",
                  "children":
                    "<span><span><span><p>Indulge</p></span></span></span>"
                },
                "content": {
                  "className": "block-content kpu0m24vko-editor_css",
                  "children":
                    "<span><span><p>Indulge yourself in the endless database of heroes and heroine</p></span></span>"
                }
              }
            }
          ]
        }
      }
    },
    "Feature8_0": {
      "dataSource": {
        "Carousel": {
          "children": {
            "className": "feature8-block",
            "titleWrapper": {
              "className": "feature8-carousel-title-wrapper",
              "title": { "className": "feature8-carousel-title" }
            },
            "children": [
              {
                "name": "block0",
                "className": "feature8-block-row",
                "gutter": 120,
                "title": {
                  "className": "feature8-carousel-title-block",
                  "children": "<span><span><p>Fan Fantasy</p></span></span>"
                },
                "children": [
                  {
                    "className": "feature8-block-col",
                    "md": 6,
                    "xs": 24,
                    "name": "child0",
                    "arrow": {
                      "className": "feature8-block-arrow",
                      "children":
                        "https://gw.alipayobjects.com/zos/basement_prod/167bee48-fbc0-436a-ba9e-c116b4044293.svg"
                    },
                    "children": {
                      "className": "feature8-block-child",
                      "children": [
                        {
                          "name": "image",
                          "className": "feature8-block-image",
                          "children":
                            "https://gw.alipayobjects.com/zos/basement_prod/d8933673-1463-438a-ac43-1a8f193ebf34.svg"
                        },
                        {
                          "name": "title",
                          "className": "feature8-block-title",
                          "children":
                            "<span><span><p>LOREM TITLE</p></span></span>"
                        },
                        {
                          "name": "content",
                          "className": "feature8-block-content",
                          "children":
                            "<span><span><p>Lorem ipsum dolor sit amet, consectetur adipiscing elit, sed do eiusmod tempor incididunt ut labore et dolore magna aliqua.</p></span></span>"
                        }
                      ]
                    }
                  },
                  {
                    "className": "feature8-block-col",
                    "md": 6,
                    "xs": 24,
                    "name": "child1",
                    "arrow": {
                      "className": "feature8-block-arrow",
                      "children":
                        "https://gw.alipayobjects.com/zos/basement_prod/167bee48-fbc0-436a-ba9e-c116b4044293.svg"
                    },
                    "children": {
                      "className": "feature8-block-child",
                      "children": [
                        {
                          "name": "image",
                          "className": "feature8-block-image",
                          "children":
                            "https://gw.alipayobjects.com/zos/basement_prod/d8933673-1463-438a-ac43-1a8f193ebf34.svg"
                        },
                        {
                          "name": "title",
                          "className": "feature8-block-title",
                          "children": "<span><p>LOREM TITLE</p></span>"
                        },
                        {
                          "name": "content",
                          "className": "feature8-block-content",
                          "children":
                            "<span><p>Lorem ipsum dolor sit amet, consectetur adipiscing elit, sed do eiusmod tempor incididunt ut labore et dolore magna aliqua.</p></span>"
                        }
                      ]
                    }
                  },
                  {
                    "className": "feature8-block-col",
                    "md": 6,
                    "xs": 24,
                    "name": "child2",
                    "arrow": {
                      "className": "feature8-block-arrow",
                      "children":
                        "https://gw.alipayobjects.com/zos/basement_prod/167bee48-fbc0-436a-ba9e-c116b4044293.svg"
                    },
                    "children": {
                      "className": "feature8-block-child",
                      "children": [
                        {
                          "name": "image",
                          "className": "feature8-block-image",
                          "children":
                            "https://gw.alipayobjects.com/zos/basement_prod/d8933673-1463-438a-ac43-1a8f193ebf34.svg"
                        },
                        {
                          "name": "title",
                          "className": "feature8-block-title",
                          "children":
                            "<span><span><p>LOREM TITLE</p></span></span>"
                        },
                        {
                          "name": "content",
                          "className": "feature8-block-content",
                          "children":
                            "<span><span><span><p>Lorem ipsum dolor sit amet, consectetur adipiscing elit, sed do eiusmod tempor incididunt ut labore et dolore magna aliqua.</p></span></span></span>"
                        }
                      ]
                    }
                  },
                  {
                    "className": "feature8-block-col",
                    "md": 6,
                    "xs": 24,
                    "name": "child3",
                    "arrow": {
                      "className": "feature8-block-arrow",
                      "children":
                        "https://gw.alipayobjects.com/zos/basement_prod/167bee48-fbc0-436a-ba9e-c116b4044293.svg"
                    },
                    "children": {
                      "className": "feature8-block-child",
                      "children": [
                        {
                          "name": "image",
                          "className": "feature8-block-image",
                          "children":
                            "https://gw.alipayobjects.com/zos/basement_prod/d8933673-1463-438a-ac43-1a8f193ebf34.svg"
                        },
                        {
                          "name": "title",
                          "className": "feature8-block-title",
                          "children": "<span><p>LOREM TITLE</p></span>"
                        },
                        {
                          "name": "content",
                          "className": "feature8-block-content",
                          "children":
                            "<span><p>Lorem ipsum dolor sit amet, consectetur adipiscing elit, sed do eiusmod tempor incididunt ut labore et dolore magna aliqua.</p></span>"
                        }
                      ]
                    }
                  }
                ]
              },
              {
                "name": "block1",
                "className": "feature8-block-row",
                "gutter": 120,
                "title": {
                  "children": "<span><p>Content Creators Refuge</p></span>",
                  "className": "feature8-carousel-title-block"
                },
                "children": [
                  {
                    "className": "feature8-block-col",
                    "md": 6,
                    "xs": 24,
                    "name": "child0",
                    "arrow": {
                      "className": "feature8-block-arrow",
                      "children":
                        "https://gw.alipayobjects.com/zos/basement_prod/167bee48-fbc0-436a-ba9e-c116b4044293.svg"
                    },
                    "children": {
                      "className": "feature8-block-child",
                      "children": [
                        {
                          "name": "image",
                          "className": "feature8-block-image",
                          "children":
                            "https://gw.alipayobjects.com/zos/basement_prod/d8933673-1463-438a-ac43-1a8f193ebf34.svg"
                        },
                        {
                          "name": "title",
                          "className": "feature8-block-title",
                          "children": "<span><p>LOREM TITLE</p></span>"
                        },
                        {
                          "name": "content",
                          "className": "feature8-block-content",
                          "children":
                            "<span><span><p>Lorem ipsum dolor sit amet, consectetur adipiscing elit, sed do eiusmod tempor incididunt ut labore et dolore magna aliqua.</p></span></span>"
                        }
                      ]
                    }
                  },
                  {
                    "className": "feature8-block-col",
                    "md": 6,
                    "xs": 24,
                    "name": "child1",
                    "arrow": {
                      "className": "feature8-block-arrow",
                      "children":
                        "https://gw.alipayobjects.com/zos/basement_prod/167bee48-fbc0-436a-ba9e-c116b4044293.svg"
                    },
                    "children": {
                      "className": "feature8-block-child",
                      "children": [
                        {
                          "name": "image",
                          "className": "feature8-block-image",
                          "children":
                            "https://gw.alipayobjects.com/zos/basement_prod/d8933673-1463-438a-ac43-1a8f193ebf34.svg"
                        },
                        {
                          "name": "title",
                          "className": "feature8-block-title",
                          "children": "<span><p>LOREM TITLE</p></span>"
                        },
                        {
                          "name": "content",
                          "className": "feature8-block-content",
                          "children":
                            "<span><p>Lorem ipsum dolor sit amet, consectetur adipiscing elit, sed do eiusmod tempor incididunt ut labore et dolore magna aliqua.</p></span>"
                        }
                      ]
                    }
                  },
                  {
                    "className": "feature8-block-col",
                    "md": 6,
                    "xs": 24,
                    "name": "child2",
                    "arrow": {
                      "className": "feature8-block-arrow",
                      "children":
                        "https://gw.alipayobjects.com/zos/basement_prod/167bee48-fbc0-436a-ba9e-c116b4044293.svg"
                    },
                    "children": {
                      "className": "feature8-block-child",
                      "children": [
                        {
                          "name": "image",
                          "className": "feature8-block-image",
                          "children":
                            "https://gw.alipayobjects.com/zos/basement_prod/d8933673-1463-438a-ac43-1a8f193ebf34.svg"
                        },
                        {
                          "name": "title",
                          "className": "feature8-block-title",
                          "children":
                            "<span><span><p>LOREM TITLE</p></span></span>"
                        },
                        {
                          "name": "content",
                          "className": "feature8-block-content",
                          "children":
                            "<span><p>Lorem ipsum dolor sit amet, consectetur adipiscing elit, sed do eiusmod tempor incididunt ut labore et dolore magna aliqua.</p></span>"
                        }
                      ]
                    }
                  },
                  {
                    "className": "feature8-block-col",
                    "md": 6,
                    "xs": 24,
                    "name": "child3",
                    "arrow": {
                      "className": "feature8-block-arrow",
                      "children":
                        "https://gw.alipayobjects.com/zos/basement_prod/167bee48-fbc0-436a-ba9e-c116b4044293.svg"
                    },
                    "children": {
                      "className": "feature8-block-child",
                      "children": [
                        {
                          "name": "image",
                          "className": "feature8-block-image",
                          "children":
                            "https://gw.alipayobjects.com/zos/basement_prod/d8933673-1463-438a-ac43-1a8f193ebf34.svg"
                        },
                        {
                          "name": "title",
                          "className": "feature8-block-title",
                          "children": "<span><p>LOREM TITLE</p></span>"
                        },
                        {
                          "name": "content",
                          "className": "feature8-block-content",
                          "children":
                            "<span><p>Lorem ipsum dolor sit amet, consectetur adipiscing elit, sed do eiusmod tempor incididunt ut labore et dolore magna aliqua.</p></span>"
                        }
                      ]
                    }
                  }
                ]
              }
            ]
          }
        },
        "childWrapper": {
          "children": [
            {
              "name": "button",
              "className": "feature8-button",
              "children": {
                "href": "#",
                "children": "<span><p>Check it out now!</p></span>",
                "className": "kpu2e3di7o8-editor_css"
              }
            }
          ]
        },
        "titleWrapper": {
          "children": [
            {
              "name": "title",
              "className": "feature8-title-h1 kpu2nj7ylx-editor_css",
              "children":
                "<span><p>More&nbsp;<span>Lorem Ipsum Coming Soon!</span></p></span>"
            },
            {
              "name": "content",
              "className": "feature8-title-content",
              "children": "<span><p>The talk of the town</p></span>"
            }
          ]
        },
        "page": { "className": "home-page feature8 kpu84zbvki6-editor_css" }
      }
    },
    "Footer0_0": {
      "dataSource": {
        "copyright": {
          "children":
            "<span><span><span><span>©2021 ArenaBase All Rights Reserved</span></span></span></span>",
          "className": "copyright kpu0wc3qk9-editor_css"
        },
        "wrapper": {
          "className":
            "home-page-wrapper footer0-wrapper kpu0xks46kd-editor_css"
        }
      }
    },
    "Feature1_0": {
      "dataSource": {
        "img": { "children": "" },
        "title": { "children": "<span><p><br></p></span>" },
        "wrapper": {
          "className":
            "home-page-wrapper content1-wrapper kpu1zb7ygr-editor_css"
        },
        "OverPack": { "className": "home-page content1 kpu8f13bju-editor_css" }
      }
    },
    "Teams4_0": {
      "dataSource": {
        "block": {
          "children": [
            {
              "name": "block0",
              "md": 6,
              "xs": 24,
              "className": "content8-block-wrapper",
              "children": {
                "className": "content8-block",
                "img": {
                  "className": "content8-img",
                  "children":
                    "https://storage.googleapis.com/myphero_bucket/avatar-last-airbender-logo.PNG"
                },
                "title": {
                  "className": "content8-title",
                  "children": "<span><p>Avatar</p></span>"
                },
                "content": {
                  "className": "content8-content",
                  "children": "<span><p>The Last Airbender</p></span>"
                }
              }
            },
            {
              "name": "block1",
              "md": 6,
              "xs": 24,
              "className": "content8-block-wrapper",
              "children": {
                "className": "content8-block",
                "img": {
                  "className": "content8-img",
                  "children":
                    "https://storage.googleapis.com/myphero_bucket/dragon-ball-z-logo.png"
                },
                "title": {
                  "className": "content8-title",
                  "children":
                    "<span><span><span><p>Dragon Ball Z</p></span></span></span>"
                },
                "content": {
                  "className": "content8-content",
                  "children":
                    "<span><p>(Any and all canonical seasons)</p></span>"
                }
              }
            },
            {
              "name": "block2",
              "md": 6,
              "xs": 24,
              "className": "content8-block-wrapper",
              "children": {
                "className": "content8-block",
                "img": {
                  "className": "content8-img",
                  "children":
                    "https://storage.googleapis.com/myphero_bucket/DCU-logo.png"
                },
                "title": {
                  "className": "content8-title",
                  "children": "<span><p>DC Universe&nbsp;</p></span>"
                },
                "content": {
                  "className": "content8-content kpu28qebaxm-editor_css",
                  "children":
                    "<span><span><span><span><p>Characters and content (inspirations and more)</p></span></span></span></span>"
                }
              }
            },
            {
              "name": "block3",
              "md": 6,
              "xs": 24,
              "className": "content8-block-wrapper",
              "children": {
                "className": "content8-block",
                "img": {
                  "className": "content8-img",
                  "children":
                    "https://storage.googleapis.com/myphero_bucket/final-fantasy-logo.PNG"
                },
                "title": {
                  "className": "content8-title",
                  "children": "<span><p>FF I - XV</p></span>"
                },
                "content": {
                  "className": "content8-content",
                  "children": "<span><p>MMORPG character pages too!</p></span>"
                }
              }
            },
            {
              "name": "block4",
              "md": 6,
              "xs": 24,
              "className": "content8-block-wrapper",
              "children": {
                "className": "content8-block",
                "img": {
                  "className": "content8-img",
                  "children":
                    "https://storage.googleapis.com/myphero_bucket/marvel-logo.PNG"
                },
                "title": {
                  "className": "content8-title",
                  "children": "<span><p>Marvel Comics</p></span>"
                },
                "content": {
                  "className": "content8-content",
                  "children":
                    "<span><span><p>Fan-fantasy and lore</p></span></span>"
                }
              }
            },
            {
              "name": "block5",
              "md": 6,
              "xs": 24,
              "className": "content8-block-wrapper",
              "children": {
                "className": "content8-block",
                "img": {
                  "className": "content8-img",
                  "children":
                    "https://storage.googleapis.com/myphero_bucket/log-horizon-logo.PNG"
                },
                "title": {
                  "className": "content8-title",
                  "children": "<span><span><p>Log Horizon</p></span></span>"
                },
                "content": {
                  "className": "content8-content",
                  "children": "<span><p><br></p></span>"
                }
              }
            },
            {
              "name": "block6",
              "md": 6,
              "xs": 24,
              "className": "content8-block-wrapper",
              "children": {
                "className": "content8-block",
                "img": {
                  "className": "content8-img",
                  "children":
                    "https://storage.googleapis.com/myphero_bucket/bleach-logo-colorless.jpg"
                },
                "title": {
                  "className": "content8-title",
                  "children":
                    "<span><span><p>Shonen Jump: Bleach Manga</p></span></span>"
                },
                "content": {
                  "className": "content8-content",
                  "children": "公司+职位 信息暂缺"
                }
              }
            },
            {
              "name": "block7",
              "md": 6,
              "xs": 24,
              "className": "content8-block-wrapper",
              "children": {
                "className": "content8-block",
                "img": {
                  "className": "content8-img",
                  "children":
                    "https://storage.googleapis.com/myphero_bucket/kakegurui-logo.png"
                },
                "title": {
                  "className": "content8-title",
                  "children": "<span><p>Kakegurui</p></span>"
                },
                "content": {
                  "className": "content8-content",
                  "children": "<span><p>Character Inspirations</p></span>"
                }
              }
            }
          ]
        },
        "titleWrapper": {
          "children": [
            {
              "name": "image",
              "children":
                "https://gw.alipayobjects.com/zos/rmsportal/PiqyziYmvbgAudYfhuBr.svg",
              "className": "title-image"
            },
            {
              "name": "title",
              "children":
                "<span><p>A Catalyst for Manga and Comics alike! </p></span>",
              "className": "title-h1 kpu20l93vcb-editor_css"
            }
          ]
        },
        "wrapper": {
          "className":
            "home-page-wrapper content8-wrapper kpu1zgtb4oc-editor_css"
        },
        "page": { "className": "home-page content8 kpu4ssrcaf9-editor_css" }
      }
    },
    "Content13_0": {
      "dataSource": {
        "OverPack": {
          "className":
            "home-page-wrapper content13-wrapper kpu8ebhoarm-editor_css"
        },
        "titleWrapper": {
          "children": [
            { "name": "image", "children": "", "className": "title-image" },
            {
              "name": "title",
              "children":
                "<span><span><span><p>ArenaBase</p></span></span></span>",
              "className": "title-h1 kpu8ll8apmn-editor_css"
            },
            {
              "name": "content",
              "children":
                "<span><span><p>Your world awaits you!</p></span></span>",
              "className": "title-content kpu8ljhyj7-editor_css"
            },
            {
              "name": "content2",
              "children": "<span><p><br></p></span>",
              "className": "title-content"
            }
          ]
        }
      }
    }
  },
  "style": [
    {
      "cssString":
        "#Banner0_1 .banner0-text-wrapper > .kptfhjb7x0r-editor_css:hover {\n  color: rgb(251, 251, 251);\n  background-color: #f04134;\n  background-image: url(\"https://zos.alipayobjects.com/rmsportal/gGlUMYGEIvjDOOw.jpg\");\n  background-attachment: scroll;\n  background-blend-mode: normal;\n  background-position: 0% 0%;\n  background-repeat: repeat;\n  background-size: auto;\n  background-clip: padding-box;\n}\n",
      "id": "Bannerbannertextwrapperkptfhjbxreditorcss",
      "cid": "Banner0_1"
    },
    {
      "cssString":
        "#Content9_0 .block-wrapper > .text-wrapper > .kpu0m24vko-editor_css {\n  font-size: 24px;\n}\n",
      "id": "Contentblockwrappertextwrapperkpumvkoeditorcss",
      "cid": "Content9_0"
    },
    {
      "cssString":
        "#Content9_0 .block-wrapper > .text-wrapper > .kpu0kw2a3es-editor_css {\n  font-family: Impact;\n  font-size: 24px;\n}\n",
      "id": "Contentblockwrappertextwrapperkpukwaeseditorcss",
      "cid": "Content9_0"
    },
    {
      "cssString":
        "#Content9_0 .block-wrapper > .text-wrapper > .kpu0mjbzi9i-editor_css {\n  font-size: 24px;\n}\n",
      "id": "Contentblockwrappertextwrapperkpumjbziieditorcss",
      "cid": "Content9_0"
    },
    {
      "cssString":
        "#Content9_0 .block-wrapper > .text-wrapper > .kpu0nvhm49-editor_css {\n  font-family: Impact;\n  font-size: 24px;\n}\n",
      "id": "Contentblockwrappertextwrapperkpunvhmeditorcss",
      "cid": "Content9_0"
    },
    {
      "cssString":
        "#Content9_0 .block-wrapper > .text-wrapper > .kpu0ioqph-editor_css {\n  font-family: Impact;\n  font-size: 24px;\n}\n",
      "id": "Contentblockwrappertextwrapperkpuioqpheditorcss",
      "cid": "Content9_0"
    },
    {
      "cssString":
        "#Content9_0 .block-wrapper > .text-wrapper > .kpu0ir7e6m9-editor_css {\n  font-size: 24px;\n}\n",
      "id": "Contentblockwrappertextwrapperkpuiremeditorcss",
      "cid": "Content9_0"
    },
    {
      "cssString":
        "#Content9_0 .block-wrapper > .text-wrapper > .kpu0ijfxjyk-editor_css {\n  font-size: 24px;\n}\n",
      "id": "Contentblockwrappertextwrapperkpuijfxjykeditorcss",
      "cid": "Content9_0"
    },
    {
      "cssString":
        "#Footer0_0 .home-page > .kpu0wc3qk9-editor_css {\n  color: #fbfbfb;\n}\n",
      "id": "Footerhomepagekpuwcqkeditorcss",
      "cid": "Footer0_0"
    },
    {
      "cssString":
        "#Footer0_0.kpu0xks46kd-editor_css {\n  background-color: rgb(0, 0, 0);\n}\n",
      "id": "Footerkpuxkskdeditorcss",
      "cid": "Footer0_0"
    },
    {
      "cssString":
        "#Banner0_1 .banner0-text-wrapper > .kptffxwq9od-editor_css {\n  display: flex;\n  justify-content: center;\n  font-family: Impact;\n  font-size: 24px;\n  color: rgb(188, 12, 0);\n}\n",
      "id": "Bannerbannertextwrapperkptffxwqodeditorcss",
      "cid": "Banner0_1"
    },
    {
      "cssString":
        "#Banner0_1 .banner0-text-wrapper > .kptelhmuhkt-editor_css {\n  justify-content: center;\n  font-family: Impact;\n  font-size: 72px;\n  color: rgb(255, 0, 0);\n  width: 550px;\n}\n",
      "id": "Bannerbannertextwrapperkptelhmuhkteditorcss",
      "cid": "Banner0_1"
    },
    {
      "cssString":
        "#Teams4_0 .ant-col > .content8-block > .kpu28qebaxm-editor_css {\n  \n}\n",
      "id": "Teamsantcolcontentblockkpuqebaxmeditorcss",
      "cid": "Teams4_0"
    },
    {
      "cssString":
        "#Teams4_0 .home-page > .title-wrapper > .kpu20l93vcb-editor_css {\n  font-family: Impact;\n  color: #222222;\n}\n",
      "id": "Teamshomepagetitlewrapperkpulvcbeditorcss",
      "cid": "Teams4_0"
    },
    {
      "cssString":
        "#Feature8_0 .home-page > .feature8-title-wrapper > .kpu2nj7ylx-editor_css {\n  font-family: Impact;\n}\n",
      "id": "Featurehomepagefeaturetitlewrapperkpunjylxeditorcss",
      "cid": "Feature8_0"
    },
    {
      "cssString":
        "#Feature8_0 .feature8-button-wrapper > .feature8-button > .kpu2e3di7o8-editor_css {\n  background-clip:;\n  color: rgb(34, 34, 34);\n  background-color: rgba(0, 0, 0, 0);\n  background-image: url(\"\");\n  border-style: solid;\n  border-top-color: rgb(34, 34, 34);\n  border-right-color: rgb(34, 34, 34);\n  border-bottom-color: rgb(34, 34, 34);\n  border-left-color: rgb(34, 34, 34);\n  border-width: 1px;\n  box-shadow: 5px 5px 5px rgba(0,0,0,0.35) ;\n}\n",
      "id": "Featurefeaturebuttonwrapperfeaturebuttonkpuedioeditorcss",
      "cid": "Feature8_0"
    },
    {
      "cssString":
        "#Banner0_1.kptelipr1j-editor_css {\n  color: #222222;\n  background-image: linear-gradient(#222222 0%,black 95.67307692307693%,rgb(0,0,0) 100%,white 100%,black 100%),url(\"https://storage.googleapis.com/myphero_bucket/checkered-background.jpg\");\n  background-attachment: fixed, fixed;\n  background-blend-mode: darken, normal;\n  background-position: 0% 0%, center center;\n  background-repeat: repeat, repeat;\n  background-size: auto, cover;\n  background-clip: padding-box, padding-box;\n}\n",
      "id": "Bannerkpteliprjeditorcss",
      "cid": "Banner0_1"
    },
    {
      "cssString":
        "#Feature8_0 .kpu84zbvki6-editor_css {\n  box-shadow: 5px 5px 5px 5px rgba(0,0,0,0.35) ;\n}\n",
      "id": "Featurekpuzbvkieditorcss",
      "cid": "Feature8_0"
    },
    {
      "cssString":
        "#Teams4_0.kpu1zgtb4oc-editor_css {\n  background-color: rgb(251, 251, 251);\n  box-shadow: none;\n}\n",
      "id": "Teamskpuzgtboceditorcss",
      "cid": "Teams4_0"
    },
    {
      "cssString":
        "#Content9_0 .home-page > .title-wrapper > .kpthfvw7j4i-editor_css {\n  font-family: Impact;\n  color: rgb(34, 34, 34);\n  border-bottom-style: solid;\n  border-bottom-color: #222222;\n  border-bottom-width: 1px;\n}\n",
      "id": "Contenthomepagetitlewrapperkpthfvwjieditorcss",
      "cid": "Content9_0"
    },
    {
      "cssString":
        "#Content13_0 .title-wrapper > .kpu8ll8apmn-editor_css {\n  color: #fbfbfb;\n}\n",
      "id": "Contenttitlewrapperkpullapmneditorcss",
      "cid": "Content13_0"
    },
    {
      "cssString":
        "#Content13_0 .title-wrapper > .kpu8ljhyj7-editor_css {\n  color: #fbfbfb;\n}\n",
      "id": "Contenttitlewrapperkpuljhyjeditorcss",
      "cid": "Content13_0"
    },
    {
      "cssString":
        "#Teams4_0 .kpu4ssrcaf9-editor_css {\n  box-shadow: 5px 5px 5px rgba(0,0,0,0.35) ;\n}\n",
      "id": "Teamskpussrcafeditorcss",
      "cid": "Teams4_0"
    },
    {
      "cssString":
        "#Content13_0.kpu8ebhoarm-editor_css {\n  background-clip:;\n  background-color: #222222;\n  background-image: url(\"https://storage.googleapis.com/myphero_bucket/checkered-background.jpg\");\n  background-attachment: fixed;\n  background-blend-mode: multiply;\n}\n",
      "id": "Contentkpuebhoarmeditorcss",
      "cid": "Content13_0"
    },
    {
      "cssString":
        "#Feature1_0 .kpu8f13bju-editor_css {\n  background-clip: padding-box;\n  background-color: rgba(0, 0, 0, 0);\n}\n",
      "id": "Featurekpufbjueditorcss",
      "cid": "Feature1_0"
    },
    {
      "cssString":
        "#Feature1_0.kpu1zb7ygr-editor_css {\n  background-color: rgb(34, 34, 34);\n  background-image: url(\"https://storage.googleapis.com/myphero_bucket/checkered-background.jpg\");\n  background-attachment: fixed;\n  background-blend-mode: multiply;\n  background-position: 0% 0%;\n  background-repeat: no-repeat;\n  background-size: auto;\n  background-clip: padding-box;\n}\n",
      "id": "Featurekpuzbygreditorcss",
      "cid": "Feature1_0"
    }
  ],
  "other": {}
}
